phase,method,n_way,k_shot,trial_or_seed,test_acc,val_acc,run_dir
full,scratch,,,0,0.8642625607779578,0.8788819875776398,runs/modelnet40_pointgpt_protocol/full/scan_scratch_s0
full,scratch,,,1,0.8541329011345219,0.8737060041407867,runs/modelnet40_pointgpt_protocol/full/scan_scratch_s1
full,scratch,,,2,0.8581847649918962,0.8840579710144928,runs/modelnet40_pointgpt_protocol/full/scan_scratch_s2
full,shapenet_mesh_udf_nepa,,,0,0.86709886547812,0.8861283643892339,runs/modelnet40_pointgpt_protocol/full/scan_shapenet_mesh_udf_nepa_s0
full,shapenet_mesh_udf_nepa,,,1,0.8549432739059968,0.8923395445134575,runs/modelnet40_pointgpt_protocol/full/scan_shapenet_mesh_udf_nepa_s1
full,shapenet_mesh_udf_nepa,,,2,0.8679092382495948,0.8964803312629399,runs/modelnet40_pointgpt_protocol/full/scan_shapenet_mesh_udf_nepa_s2
full,shapenet_mix_mae,,,0,0.8606158833063209,0.8716356107660456,runs/modelnet40_pointgpt_protocol/full/scan_shapenet_mix_mae_s0
full,shapenet_mix_mae,,,1,0.8541329011345219,0.8861283643892339,runs/modelnet40_pointgpt_protocol/full/scan_shapenet_mix_mae_s1
full,shapenet_mix_mae,,,2,0.8541329011345219,0.8840579710144928,runs/modelnet40_pointgpt_protocol/full/scan_shapenet_mix_mae_s2
full,shapenet_mix_nepa,,,0,0.8549432739059968,0.8933747412008282,runs/modelnet40_pointgpt_protocol/full/scan_shapenet_mix_nepa_s0
full,shapenet_mix_nepa,,,1,0.8642625607779578,0.8923395445134575,runs/modelnet40_pointgpt_protocol/full/scan_shapenet_mix_nepa_s1
full,shapenet_mix_nepa,,,2,0.856969205834684,0.8923395445134575,runs/modelnet40_pointgpt_protocol/full/scan_shapenet_mix_nepa_s2
full,shapenet_nepa,,,0,0.856969205834684,0.8871635610766045,runs/modelnet40_pointgpt_protocol/full/scan_shapenet_nepa_s0
full,shapenet_nepa,,,1,0.8687196110210696,0.8840579710144928,runs/modelnet40_pointgpt_protocol/full/scan_shapenet_nepa_s1
full,shapenet_nepa,,,2,0.8537277147487844,0.8799171842650103,runs/modelnet40_pointgpt_protocol/full/scan_shapenet_nepa_s2
fewshot_lp,scratch,10,10,0,0.16153846153846155,0.22274881516587677,runs/modelnet40_pointgpt_protocol/fewshot/scan_scratch_lp_N10_K10_t0
fewshot_lp,scratch,10,10,1,0.19230769230769232,0.19369369369369369,runs/modelnet40_pointgpt_protocol/fewshot/scan_scratch_lp_N10_K10_t1
fewshot_lp,scratch,10,10,2,0.14611260053619302,0.2276923076923077,runs/modelnet40_pointgpt_protocol/fewshot/scan_scratch_lp_N10_K10_t2
fewshot_lp,scratch,10,10,3,0.19230769230769232,0.3114754098360656,runs/modelnet40_pointgpt_protocol/fewshot/scan_scratch_lp_N10_K10_t3
fewshot_lp,scratch,10,10,4,0.15333333333333332,0.18848167539267016,runs/modelnet40_pointgpt_protocol/fewshot/scan_scratch_lp_N10_K10_t4
fewshot_lp,scratch,10,10,5,0.17064846416382254,0.2072072072072072,runs/modelnet40_pointgpt_protocol/fewshot/scan_scratch_lp_N10_K10_t5
fewshot_lp,scratch,10,10,6,0.15015015015015015,0.20748299319727892,runs/modelnet40_pointgpt_protocol/fewshot/scan_scratch_lp_N10_K10_t6
fewshot_lp,scratch,10,10,7,0.20634920634920634,0.228,runs/modelnet40_pointgpt_protocol/fewshot/scan_scratch_lp_N10_K10_t7
fewshot_lp,scratch,10,10,8,0.14705882352941177,0.24199288256227758,runs/modelnet40_pointgpt_protocol/fewshot/scan_scratch_lp_N10_K10_t8
fewshot_lp,scratch,10,10,9,0.13404825737265416,0.2345679012345679,runs/modelnet40_pointgpt_protocol/fewshot/scan_scratch_lp_N10_K10_t9
fewshot_lp,scratch,10,20,0,0.19230769230769232,0.27014218009478674,runs/modelnet40_pointgpt_protocol/fewshot/scan_scratch_lp_N10_K20_t0
fewshot_lp,scratch,10,20,1,0.26346153846153847,0.2927927927927928,runs/modelnet40_pointgpt_protocol/fewshot/scan_scratch_lp_N10_K20_t1
fewshot_lp,scratch,10,20,2,0.17560321715817695,0.2276923076923077,runs/modelnet40_pointgpt_protocol/fewshot/scan_scratch_lp_N10_K20_t2
fewshot_lp,scratch,10,20,3,0.19038461538461537,0.32786885245901637,runs/modelnet40_pointgpt_protocol/fewshot/scan_scratch_lp_N10_K20_t3
fewshot_lp,scratch,10,20,4,0.16666666666666666,0.31413612565445026,runs/modelnet40_pointgpt_protocol/fewshot/scan_scratch_lp_N10_K20_t4
fewshot_lp,scratch,10,20,5,0.17064846416382254,0.25675675675675674,runs/modelnet40_pointgpt_protocol/fewshot/scan_scratch_lp_N10_K20_t5
fewshot_lp,scratch,10,20,6,0.21021021021021022,0.3129251700680272,runs/modelnet40_pointgpt_protocol/fewshot/scan_scratch_lp_N10_K20_t6
fewshot_lp,scratch,10,20,7,0.18253968253968253,0.224,runs/modelnet40_pointgpt_protocol/fewshot/scan_scratch_lp_N10_K20_t7
fewshot_lp,scratch,10,20,8,0.14705882352941177,0.24199288256227758,runs/modelnet40_pointgpt_protocol/fewshot/scan_scratch_lp_N10_K20_t8
fewshot_lp,scratch,10,20,9,0.16219839142091153,0.24691358024691357,runs/modelnet40_pointgpt_protocol/fewshot/scan_scratch_lp_N10_K20_t9
fewshot_lp,scratch,5,10,0,0.29411764705882354,0.3945578231292517,runs/modelnet40_pointgpt_protocol/fewshot/scan_scratch_lp_N5_K10_t0
fewshot_lp,scratch,5,10,1,0.3423076923076923,0.3474576271186441,runs/modelnet40_pointgpt_protocol/fewshot/scan_scratch_lp_N5_K10_t1
fewshot_lp,scratch,5,10,2,0.3067484662576687,0.389937106918239,runs/modelnet40_pointgpt_protocol/fewshot/scan_scratch_lp_N5_K10_t2
fewshot_lp,scratch,5,10,3,0.38461538461538464,0.5089285714285714,runs/modelnet40_pointgpt_protocol/fewshot/scan_scratch_lp_N5_K10_t3
fewshot_lp,scratch,5,10,4,0.29411764705882354,0.49137931034482757,runs/modelnet40_pointgpt_protocol/fewshot/scan_scratch_lp_N5_K10_t4
fewshot_lp,scratch,5,10,5,0.4065040650406504,0.4380952380952381,runs/modelnet40_pointgpt_protocol/fewshot/scan_scratch_lp_N5_K10_t5
fewshot_lp,scratch,5,10,6,0.29411764705882354,0.4594594594594595,runs/modelnet40_pointgpt_protocol/fewshot/scan_scratch_lp_N5_K10_t6
fewshot_lp,scratch,5,10,7,0.38461538461538464,0.46534653465346537,runs/modelnet40_pointgpt_protocol/fewshot/scan_scratch_lp_N5_K10_t7
fewshot_lp,scratch,5,10,8,0.3404761904761905,0.4523809523809524,runs/modelnet40_pointgpt_protocol/fewshot/scan_scratch_lp_N5_K10_t8
fewshot_lp,scratch,5,10,9,0.29411764705882354,0.4453125,runs/modelnet40_pointgpt_protocol/fewshot/scan_scratch_lp_N5_K10_t9
fewshot_lp,scratch,5,20,0,0.29411764705882354,0.3877551020408163,runs/modelnet40_pointgpt_protocol/fewshot/scan_scratch_lp_N5_K20_t0
fewshot_lp,scratch,5,20,1,0.3423076923076923,0.3305084745762712,runs/modelnet40_pointgpt_protocol/fewshot/scan_scratch_lp_N5_K20_t1
fewshot_lp,scratch,5,20,2,0.3067484662576687,0.389937106918239,runs/modelnet40_pointgpt_protocol/fewshot/scan_scratch_lp_N5_K20_t2
fewshot_lp,scratch,5,20,3,0.38461538461538464,0.5089285714285714,runs/modelnet40_pointgpt_protocol/fewshot/scan_scratch_lp_N5_K20_t3
fewshot_lp,scratch,5,20,4,0.29411764705882354,0.49137931034482757,runs/modelnet40_pointgpt_protocol/fewshot/scan_scratch_lp_N5_K20_t4
fewshot_lp,scratch,5,20,5,0.4065040650406504,0.4380952380952381,runs/modelnet40_pointgpt_protocol/fewshot/scan_scratch_lp_N5_K20_t5
fewshot_lp,scratch,5,20,6,0.29411764705882354,0.4594594594594595,runs/modelnet40_pointgpt_protocol/fewshot/scan_scratch_lp_N5_K20_t6
fewshot_lp,scratch,5,20,7,0.38461538461538464,0.46534653465346537,runs/modelnet40_pointgpt_protocol/fewshot/scan_scratch_lp_N5_K20_t7
fewshot_lp,scratch,5,20,8,0.3476190476190476,0.4583333333333333,runs/modelnet40_pointgpt_protocol/fewshot/scan_scratch_lp_N5_K20_t8
fewshot_lp,scratch,5,20,9,0.29411764705882354,0.453125,runs/modelnet40_pointgpt_protocol/fewshot/scan_scratch_lp_N5_K20_t9
fewshot_lp,shapenet_mesh_udf_nepa,10,10,0,0.3423076923076923,0.46445497630331756,runs/modelnet40_pointgpt_protocol/fewshot/scan_shapenet_mesh_udf_nepa_lp_N10_K10_t0
fewshot_lp,shapenet_mesh_udf_nepa,10,10,1,0.375,0.3063063063063063,runs/modelnet40_pointgpt_protocol/fewshot/scan_shapenet_mesh_udf_nepa_lp_N10_K10_t1
fewshot_lp,shapenet_mesh_udf_nepa,10,10,2,0.37131367292225204,0.40307692307692305,runs/modelnet40_pointgpt_protocol/fewshot/scan_shapenet_mesh_udf_nepa_lp_N10_K10_t2
fewshot_lp,shapenet_mesh_udf_nepa,10,10,3,0.2903846153846154,0.37158469945355194,runs/modelnet40_pointgpt_protocol/fewshot/scan_shapenet_mesh_udf_nepa_lp_N10_K10_t3
fewshot_lp,shapenet_mesh_udf_nepa,10,10,4,0.3333333333333333,0.47643979057591623,runs/modelnet40_pointgpt_protocol/fewshot/scan_shapenet_mesh_udf_nepa_lp_N10_K10_t4
fewshot_lp,shapenet_mesh_udf_nepa,10,10,5,0.43686006825938567,0.5045045045045045,runs/modelnet40_pointgpt_protocol/fewshot/scan_shapenet_mesh_udf_nepa_lp_N10_K10_t5
fewshot_lp,shapenet_mesh_udf_nepa,10,10,6,0.2072072072072072,0.14965986394557823,runs/modelnet40_pointgpt_protocol/fewshot/scan_shapenet_mesh_udf_nepa_lp_N10_K10_t6
fewshot_lp,shapenet_mesh_udf_nepa,10,10,7,0.3888888888888889,0.428,runs/modelnet40_pointgpt_protocol/fewshot/scan_shapenet_mesh_udf_nepa_lp_N10_K10_t7
fewshot_lp,shapenet_mesh_udf_nepa,10,10,8,0.31176470588235294,0.33451957295373663,runs/modelnet40_pointgpt_protocol/fewshot/scan_shapenet_mesh_udf_nepa_lp_N10_K10_t8
fewshot_lp,shapenet_mesh_udf_nepa,10,10,9,0.3378016085790885,0.3991769547325103,runs/modelnet40_pointgpt_protocol/fewshot/scan_shapenet_mesh_udf_nepa_lp_N10_K10_t9
fewshot_lp,shapenet_mesh_udf_nepa,10,20,0,0.4807692307692308,0.5497630331753555,runs/modelnet40_pointgpt_protocol/fewshot/scan_shapenet_mesh_udf_nepa_lp_N10_K20_t0
fewshot_lp,shapenet_mesh_udf_nepa,10,20,1,0.5115384615384615,0.47297297297297297,runs/modelnet40_pointgpt_protocol/fewshot/scan_shapenet_mesh_udf_nepa_lp_N10_K20_t1
fewshot_lp,shapenet_mesh_udf_nepa,10,20,2,0.5053619302949062,0.47692307692307695,runs/modelnet40_pointgpt_protocol/fewshot/scan_shapenet_mesh_udf_nepa_lp_N10_K20_t2
fewshot_lp,shapenet_mesh_udf_nepa,10,20,3,0.45,0.5409836065573771,runs/modelnet40_pointgpt_protocol/fewshot/scan_shapenet_mesh_udf_nepa_lp_N10_K20_t3
fewshot_lp,shapenet_mesh_udf_nepa,10,20,4,0.48,0.581151832460733,runs/modelnet40_pointgpt_protocol/fewshot/scan_shapenet_mesh_udf_nepa_lp_N10_K20_t4
fewshot_lp,shapenet_mesh_udf_nepa,10,20,5,0.6552901023890785,0.7342342342342343,runs/modelnet40_pointgpt_protocol/fewshot/scan_shapenet_mesh_udf_nepa_lp_N10_K20_t5
fewshot_lp,shapenet_mesh_udf_nepa,10,20,6,0.5,0.445578231292517,runs/modelnet40_pointgpt_protocol/fewshot/scan_shapenet_mesh_udf_nepa_lp_N10_K20_t6
fewshot_lp,shapenet_mesh_udf_nepa,10,20,7,0.4936507936507937,0.492,runs/modelnet40_pointgpt_protocol/fewshot/scan_shapenet_mesh_udf_nepa_lp_N10_K20_t7
fewshot_lp,shapenet_mesh_udf_nepa,10,20,8,0.4441176470588235,0.43416370106761565,runs/modelnet40_pointgpt_protocol/fewshot/scan_shapenet_mesh_udf_nepa_lp_N10_K20_t8
fewshot_lp,shapenet_mesh_udf_nepa,10,20,9,0.5107238605898123,0.5473251028806584,runs/modelnet40_pointgpt_protocol/fewshot/scan_shapenet_mesh_udf_nepa_lp_N10_K20_t9
fewshot_lp,shapenet_mesh_udf_nepa,5,10,0,0.4441176470588235,0.5578231292517006,runs/modelnet40_pointgpt_protocol/fewshot/scan_shapenet_mesh_udf_nepa_lp_N5_K10_t0
fewshot_lp,shapenet_mesh_udf_nepa,5,10,1,0.6269230769230769,0.4661016949152542,runs/modelnet40_pointgpt_protocol/fewshot/scan_shapenet_mesh_udf_nepa_lp_N5_K10_t1
fewshot_lp,shapenet_mesh_udf_nepa,5,10,2,0.49079754601226994,0.5911949685534591,runs/modelnet40_pointgpt_protocol/fewshot/scan_shapenet_mesh_udf_nepa_lp_N5_K10_t2
fewshot_lp,shapenet_mesh_udf_nepa,5,10,3,0.3269230769230769,0.5625,runs/modelnet40_pointgpt_protocol/fewshot/scan_shapenet_mesh_udf_nepa_lp_N5_K10_t3
fewshot_lp,shapenet_mesh_udf_nepa,5,10,4,0.49411764705882355,0.6379310344827587,runs/modelnet40_pointgpt_protocol/fewshot/scan_shapenet_mesh_udf_nepa_lp_N5_K10_t4
fewshot_lp,shapenet_mesh_udf_nepa,5,10,5,0.7195121951219512,0.8285714285714286,runs/modelnet40_pointgpt_protocol/fewshot/scan_shapenet_mesh_udf_nepa_lp_N5_K10_t5
fewshot_lp,shapenet_mesh_udf_nepa,5,10,6,0.29411764705882354,0.21621621621621623,runs/modelnet40_pointgpt_protocol/fewshot/scan_shapenet_mesh_udf_nepa_lp_N5_K10_t6
fewshot_lp,shapenet_mesh_udf_nepa,5,10,7,0.5076923076923077,0.5346534653465347,runs/modelnet40_pointgpt_protocol/fewshot/scan_shapenet_mesh_udf_nepa_lp_N5_K10_t7
fewshot_lp,shapenet_mesh_udf_nepa,5,10,8,0.5523809523809524,0.6428571428571429,runs/modelnet40_pointgpt_protocol/fewshot/scan_shapenet_mesh_udf_nepa_lp_N5_K10_t8
fewshot_lp,shapenet_mesh_udf_nepa,5,10,9,0.4323529411764706,0.609375,runs/modelnet40_pointgpt_protocol/fewshot/scan_shapenet_mesh_udf_nepa_lp_N5_K10_t9
fewshot_lp,shapenet_mesh_udf_nepa,5,20,0,0.49411764705882355,0.6258503401360545,runs/modelnet40_pointgpt_protocol/fewshot/scan_shapenet_mesh_udf_nepa_lp_N5_K20_t0
fewshot_lp,shapenet_mesh_udf_nepa,5,20,1,0.6192307692307693,0.5169491525423728,runs/modelnet40_pointgpt_protocol/fewshot/scan_shapenet_mesh_udf_nepa_lp_N5_K20_t1
fewshot_lp,shapenet_mesh_udf_nepa,5,20,2,0.5950920245398773,0.6666666666666666,runs/modelnet40_pointgpt_protocol/fewshot/scan_shapenet_mesh_udf_nepa_lp_N5_K20_t2
fewshot_lp,shapenet_mesh_udf_nepa,5,20,3,0.39615384615384613,0.6160714285714286,runs/modelnet40_pointgpt_protocol/fewshot/scan_shapenet_mesh_udf_nepa_lp_N5_K20_t3
fewshot_lp,shapenet_mesh_udf_nepa,5,20,4,0.48823529411764705,0.6551724137931034,runs/modelnet40_pointgpt_protocol/fewshot/scan_shapenet_mesh_udf_nepa_lp_N5_K20_t4
fewshot_lp,shapenet_mesh_udf_nepa,5,20,5,0.7439024390243902,0.8380952380952381,runs/modelnet40_pointgpt_protocol/fewshot/scan_shapenet_mesh_udf_nepa_lp_N5_K20_t5
fewshot_lp,shapenet_mesh_udf_nepa,5,20,6,0.3,0.21621621621621623,runs/modelnet40_pointgpt_protocol/fewshot/scan_shapenet_mesh_udf_nepa_lp_N5_K20_t6
fewshot_lp,shapenet_mesh_udf_nepa,5,20,7,0.49615384615384617,0.5841584158415841,runs/modelnet40_pointgpt_protocol/fewshot/scan_shapenet_mesh_udf_nepa_lp_N5_K20_t7
fewshot_lp,shapenet_mesh_udf_nepa,5,20,8,0.6547619047619048,0.7142857142857143,runs/modelnet40_pointgpt_protocol/fewshot/scan_shapenet_mesh_udf_nepa_lp_N5_K20_t8
fewshot_lp,shapenet_mesh_udf_nepa,5,20,9,0.4441176470588235,0.6171875,runs/modelnet40_pointgpt_protocol/fewshot/scan_shapenet_mesh_udf_nepa_lp_N5_K20_t9
fewshot_lp,shapenet_mix_mae,10,10,0,0.4096153846153846,0.46919431279620855,runs/modelnet40_pointgpt_protocol/fewshot/scan_shapenet_mix_mae_lp_N10_K10_t0
fewshot_lp,shapenet_mix_mae,10,10,1,0.3384615384615385,0.36936936936936937,runs/modelnet40_pointgpt_protocol/fewshot/scan_shapenet_mix_mae_lp_N10_K10_t1
fewshot_lp,shapenet_mix_mae,10,10,2,0.47989276139410186,0.5138461538461538,runs/modelnet40_pointgpt_protocol/fewshot/scan_shapenet_mix_mae_lp_N10_K10_t2
fewshot_lp,shapenet_mix_mae,10,10,3,0.45384615384615384,0.5409836065573771,runs/modelnet40_pointgpt_protocol/fewshot/scan_shapenet_mix_mae_lp_N10_K10_t3
fewshot_lp,shapenet_mix_mae,10,10,4,0.355,0.3298429319371728,runs/modelnet40_pointgpt_protocol/fewshot/scan_shapenet_mix_mae_lp_N10_K10_t4
fewshot_lp,shapenet_mix_mae,10,10,5,0.5631399317406144,0.6126126126126126,runs/modelnet40_pointgpt_protocol/fewshot/scan_shapenet_mix_mae_lp_N10_K10_t5
fewshot_lp,shapenet_mix_mae,10,10,6,0.23723723723723725,0.24149659863945577,runs/modelnet40_pointgpt_protocol/fewshot/scan_shapenet_mix_mae_lp_N10_K10_t6
fewshot_lp,shapenet_mix_mae,10,10,7,0.30317460317460315,0.232,runs/modelnet40_pointgpt_protocol/fewshot/scan_shapenet_mix_mae_lp_N10_K10_t7
fewshot_lp,shapenet_mix_mae,10,10,8,0.3897058823529412,0.4234875444839858,runs/modelnet40_pointgpt_protocol/fewshot/scan_shapenet_mix_mae_lp_N10_K10_t8
fewshot_lp,shapenet_mix_mae,10,10,9,0.2037533512064343,0.21810699588477367,runs/modelnet40_pointgpt_protocol/fewshot/scan_shapenet_mix_mae_lp_N10_K10_t9
fewshot_lp,shapenet_mix_mae,10,20,0,0.4480769230769231,0.5497630331753555,runs/modelnet40_pointgpt_protocol/fewshot/scan_shapenet_mix_mae_lp_N10_K20_t0
fewshot_lp,shapenet_mix_mae,10,20,1,0.38846153846153847,0.4099099099099099,runs/modelnet40_pointgpt_protocol/fewshot/scan_shapenet_mix_mae_lp_N10_K20_t1
fewshot_lp,shapenet_mix_mae,10,20,2,0.4544235924932976,0.4553846153846154,runs/modelnet40_pointgpt_protocol/fewshot/scan_shapenet_mix_mae_lp_N10_K20_t2
fewshot_lp,shapenet_mix_mae,10,20,3,0.4826923076923077,0.5846994535519126,runs/modelnet40_pointgpt_protocol/fewshot/scan_shapenet_mix_mae_lp_N10_K20_t3
fewshot_lp,shapenet_mix_mae,10,20,4,0.23,0.2931937172774869,runs/modelnet40_pointgpt_protocol/fewshot/scan_shapenet_mix_mae_lp_N10_K20_t4
fewshot_lp,shapenet_mix_mae,10,20,5,0.5955631399317406,0.6936936936936937,runs/modelnet40_pointgpt_protocol/fewshot/scan_shapenet_mix_mae_lp_N10_K20_t5
fewshot_lp,shapenet_mix_mae,10,20,6,0.2807807807807808,0.30272108843537415,runs/modelnet40_pointgpt_protocol/fewshot/scan_shapenet_mix_mae_lp_N10_K20_t6
fewshot_lp,shapenet_mix_mae,10,20,7,0.4174603174603175,0.308,runs/modelnet40_pointgpt_protocol/fewshot/scan_shapenet_mix_mae_lp_N10_K20_t7
fewshot_lp,shapenet_mix_mae,10,20,8,0.3161764705882353,0.3167259786476868,runs/modelnet40_pointgpt_protocol/fewshot/scan_shapenet_mix_mae_lp_N10_K20_t8
fewshot_lp,shapenet_mix_mae,10,20,9,0.20911528150134048,0.205761316872428,runs/modelnet40_pointgpt_protocol/fewshot/scan_shapenet_mix_mae_lp_N10_K20_t9
fewshot_lp,shapenet_mix_mae,5,10,0,0.6441176470588236,0.6938775510204082,runs/modelnet40_pointgpt_protocol/fewshot/scan_shapenet_mix_mae_lp_N5_K10_t0
fewshot_lp,shapenet_mix_mae,5,10,1,0.3730769230769231,0.2711864406779661,runs/modelnet40_pointgpt_protocol/fewshot/scan_shapenet_mix_mae_lp_N5_K10_t1
fewshot_lp,shapenet_mix_mae,5,10,2,0.8680981595092024,0.8364779874213837,runs/modelnet40_pointgpt_protocol/fewshot/scan_shapenet_mix_mae_lp_N5_K10_t2
fewshot_lp,shapenet_mix_mae,5,10,3,0.48846153846153845,0.6964285714285714,runs/modelnet40_pointgpt_protocol/fewshot/scan_shapenet_mix_mae_lp_N5_K10_t3
fewshot_lp,shapenet_mix_mae,5,10,4,0.43529411764705883,0.3103448275862069,runs/modelnet40_pointgpt_protocol/fewshot/scan_shapenet_mix_mae_lp_N5_K10_t4
fewshot_lp,shapenet_mix_mae,5,10,5,0.6991869918699187,0.6761904761904762,runs/modelnet40_pointgpt_protocol/fewshot/scan_shapenet_mix_mae_lp_N5_K10_t5
fewshot_lp,shapenet_mix_mae,5,10,6,0.3911764705882353,0.5,runs/modelnet40_pointgpt_protocol/fewshot/scan_shapenet_mix_mae_lp_N5_K10_t6
fewshot_lp,shapenet_mix_mae,5,10,7,0.5461538461538461,0.5841584158415841,runs/modelnet40_pointgpt_protocol/fewshot/scan_shapenet_mix_mae_lp_N5_K10_t7
fewshot_lp,shapenet_mix_mae,5,10,8,0.5857142857142857,0.6964285714285714,runs/modelnet40_pointgpt_protocol/fewshot/scan_shapenet_mix_mae_lp_N5_K10_t8
fewshot_lp,shapenet_mix_mae,5,10,9,0.6441176470588236,0.7265625,runs/modelnet40_pointgpt_protocol/fewshot/scan_shapenet_mix_mae_lp_N5_K10_t9
fewshot_lp,shapenet_mix_mae,5,20,0,0.638235294117647,0.7142857142857143,runs/modelnet40_pointgpt_protocol/fewshot/scan_shapenet_mix_mae_lp_N5_K20_t0
fewshot_lp,shapenet_mix_mae,5,20,1,0.3346153846153846,0.2796610169491525,runs/modelnet40_pointgpt_protocol/fewshot/scan_shapenet_mix_mae_lp_N5_K20_t1
fewshot_lp,shapenet_mix_mae,5,20,2,0.8803680981595092,0.8742138364779874,runs/modelnet40_pointgpt_protocol/fewshot/scan_shapenet_mix_mae_lp_N5_K20_t2
fewshot_lp,shapenet_mix_mae,5,20,3,0.49230769230769234,0.7142857142857143,runs/modelnet40_pointgpt_protocol/fewshot/scan_shapenet_mix_mae_lp_N5_K20_t3
fewshot_lp,shapenet_mix_mae,5,20,4,0.45294117647058824,0.3103448275862069,runs/modelnet40_pointgpt_protocol/fewshot/scan_shapenet_mix_mae_lp_N5_K20_t4
fewshot_lp,shapenet_mix_mae,5,20,5,0.7560975609756098,0.7142857142857143,runs/modelnet40_pointgpt_protocol/fewshot/scan_shapenet_mix_mae_lp_N5_K20_t5
fewshot_lp,shapenet_mix_mae,5,20,6,0.4852941176470588,0.6013513513513513,runs/modelnet40_pointgpt_protocol/fewshot/scan_shapenet_mix_mae_lp_N5_K20_t6
fewshot_lp,shapenet_mix_mae,5,20,7,0.5346153846153846,0.5247524752475248,runs/modelnet40_pointgpt_protocol/fewshot/scan_shapenet_mix_mae_lp_N5_K20_t7
fewshot_lp,shapenet_mix_mae,5,20,8,0.6476190476190476,0.6726190476190477,runs/modelnet40_pointgpt_protocol/fewshot/scan_shapenet_mix_mae_lp_N5_K20_t8
fewshot_lp,shapenet_mix_mae,5,20,9,0.6764705882352942,0.7265625,runs/modelnet40_pointgpt_protocol/fewshot/scan_shapenet_mix_mae_lp_N5_K20_t9
fewshot_lp,shapenet_mix_nepa,10,10,0,0.375,0.38388625592417064,runs/modelnet40_pointgpt_protocol/fewshot/scan_shapenet_mix_nepa_lp_N10_K10_t0
fewshot_lp,shapenet_mix_nepa,10,10,1,0.4,0.32882882882882886,runs/modelnet40_pointgpt_protocol/fewshot/scan_shapenet_mix_nepa_lp_N10_K10_t1
fewshot_lp,shapenet_mix_nepa,10,10,2,0.2667560321715818,0.2923076923076923,runs/modelnet40_pointgpt_protocol/fewshot/scan_shapenet_mix_nepa_lp_N10_K10_t2
fewshot_lp,shapenet_mix_nepa,10,10,3,0.19038461538461537,0.2568306010928962,runs/modelnet40_pointgpt_protocol/fewshot/scan_shapenet_mix_nepa_lp_N10_K10_t3
fewshot_lp,shapenet_mix_nepa,10,10,4,0.31666666666666665,0.3193717277486911,runs/modelnet40_pointgpt_protocol/fewshot/scan_shapenet_mix_nepa_lp_N10_K10_t4
fewshot_lp,shapenet_mix_nepa,10,10,5,0.3361774744027304,0.34234234234234234,runs/modelnet40_pointgpt_protocol/fewshot/scan_shapenet_mix_nepa_lp_N10_K10_t5
fewshot_lp,shapenet_mix_nepa,10,10,6,0.3033033033033033,0.3333333333333333,runs/modelnet40_pointgpt_protocol/fewshot/scan_shapenet_mix_nepa_lp_N10_K10_t6
fewshot_lp,shapenet_mix_nepa,10,10,7,0.2777777777777778,0.304,runs/modelnet40_pointgpt_protocol/fewshot/scan_shapenet_mix_nepa_lp_N10_K10_t7
fewshot_lp,shapenet_mix_nepa,10,10,8,0.5014705882352941,0.4377224199288256,runs/modelnet40_pointgpt_protocol/fewshot/scan_shapenet_mix_nepa_lp_N10_K10_t8
fewshot_lp,shapenet_mix_nepa,10,10,9,0.33646112600536193,0.32510288065843623,runs/modelnet40_pointgpt_protocol/fewshot/scan_shapenet_mix_nepa_lp_N10_K10_t9
fewshot_lp,shapenet_mix_nepa,10,20,0,0.4,0.41232227488151657,runs/modelnet40_pointgpt_protocol/fewshot/scan_shapenet_mix_nepa_lp_N10_K20_t0
fewshot_lp,shapenet_mix_nepa,10,20,1,0.47307692307692306,0.45045045045045046,runs/modelnet40_pointgpt_protocol/fewshot/scan_shapenet_mix_nepa_lp_N10_K20_t1
fewshot_lp,shapenet_mix_nepa,10,20,2,0.4289544235924933,0.40307692307692305,runs/modelnet40_pointgpt_protocol/fewshot/scan_shapenet_mix_nepa_lp_N10_K20_t2
fewshot_lp,shapenet_mix_nepa,10,20,3,0.3192307692307692,0.3114754098360656,runs/modelnet40_pointgpt_protocol/fewshot/scan_shapenet_mix_nepa_lp_N10_K20_t3
fewshot_lp,shapenet_mix_nepa,10,20,4,0.425,0.3717277486910995,runs/modelnet40_pointgpt_protocol/fewshot/scan_shapenet_mix_nepa_lp_N10_K20_t4
fewshot_lp,shapenet_mix_nepa,10,20,5,0.4522184300341297,0.4774774774774775,runs/modelnet40_pointgpt_protocol/fewshot/scan_shapenet_mix_nepa_lp_N10_K20_t5
fewshot_lp,shapenet_mix_nepa,10,20,6,0.3963963963963964,0.41496598639455784,runs/modelnet40_pointgpt_protocol/fewshot/scan_shapenet_mix_nepa_lp_N10_K20_t6
fewshot_lp,shapenet_mix_nepa,10,20,7,0.36984126984126986,0.384,runs/modelnet40_pointgpt_protocol/fewshot/scan_shapenet_mix_nepa_lp_N10_K20_t7
fewshot_lp,shapenet_mix_nepa,10,20,8,0.538235294117647,0.5373665480427047,runs/modelnet40_pointgpt_protocol/fewshot/scan_shapenet_mix_nepa_lp_N10_K20_t8
fewshot_lp,shapenet_mix_nepa,10,20,9,0.48257372654155495,0.43209876543209874,runs/modelnet40_pointgpt_protocol/fewshot/scan_shapenet_mix_nepa_lp_N10_K20_t9
fewshot_lp,shapenet_mix_nepa,5,10,0,0.5264705882352941,0.5986394557823129,runs/modelnet40_pointgpt_protocol/fewshot/scan_shapenet_mix_nepa_lp_N5_K10_t0
fewshot_lp,shapenet_mix_nepa,5,10,1,0.4307692307692308,0.4491525423728814,runs/modelnet40_pointgpt_protocol/fewshot/scan_shapenet_mix_nepa_lp_N5_K10_t1
fewshot_lp,shapenet_mix_nepa,5,10,2,0.5613496932515337,0.5723270440251572,runs/modelnet40_pointgpt_protocol/fewshot/scan_shapenet_mix_nepa_lp_N5_K10_t2
fewshot_lp,shapenet_mix_nepa,5,10,3,0.38076923076923075,0.4107142857142857,runs/modelnet40_pointgpt_protocol/fewshot/scan_shapenet_mix_nepa_lp_N5_K10_t3
fewshot_lp,shapenet_mix_nepa,5,10,4,0.38529411764705884,0.3879310344827586,runs/modelnet40_pointgpt_protocol/fewshot/scan_shapenet_mix_nepa_lp_N5_K10_t4
fewshot_lp,shapenet_mix_nepa,5,10,5,0.516260162601626,0.49523809523809526,runs/modelnet40_pointgpt_protocol/fewshot/scan_shapenet_mix_nepa_lp_N5_K10_t5
fewshot_lp,shapenet_mix_nepa,5,10,6,0.3382352941176471,0.35135135135135137,runs/modelnet40_pointgpt_protocol/fewshot/scan_shapenet_mix_nepa_lp_N5_K10_t6
fewshot_lp,shapenet_mix_nepa,5,10,7,0.5230769230769231,0.6138613861386139,runs/modelnet40_pointgpt_protocol/fewshot/scan_shapenet_mix_nepa_lp_N5_K10_t7
fewshot_lp,shapenet_mix_nepa,5,10,8,0.6523809523809524,0.47023809523809523,runs/modelnet40_pointgpt_protocol/fewshot/scan_shapenet_mix_nepa_lp_N5_K10_t8
fewshot_lp,shapenet_mix_nepa,5,10,9,0.36764705882352944,0.40625,runs/modelnet40_pointgpt_protocol/fewshot/scan_shapenet_mix_nepa_lp_N5_K10_t9
fewshot_lp,shapenet_mix_nepa,5,20,0,0.55,0.5918367346938775,runs/modelnet40_pointgpt_protocol/fewshot/scan_shapenet_mix_nepa_lp_N5_K20_t0
fewshot_lp,shapenet_mix_nepa,5,20,1,0.4461538461538462,0.423728813559322,runs/modelnet40_pointgpt_protocol/fewshot/scan_shapenet_mix_nepa_lp_N5_K20_t1
fewshot_lp,shapenet_mix_nepa,5,20,2,0.5950920245398773,0.5786163522012578,runs/modelnet40_pointgpt_protocol/fewshot/scan_shapenet_mix_nepa_lp_N5_K20_t2
fewshot_lp,shapenet_mix_nepa,5,20,3,0.38076923076923075,0.45535714285714285,runs/modelnet40_pointgpt_protocol/fewshot/scan_shapenet_mix_nepa_lp_N5_K20_t3
fewshot_lp,shapenet_mix_nepa,5,20,4,0.4470588235294118,0.4224137931034483,runs/modelnet40_pointgpt_protocol/fewshot/scan_shapenet_mix_nepa_lp_N5_K20_t4
fewshot_lp,shapenet_mix_nepa,5,20,5,0.532520325203252,0.5238095238095238,runs/modelnet40_pointgpt_protocol/fewshot/scan_shapenet_mix_nepa_lp_N5_K20_t5
fewshot_lp,shapenet_mix_nepa,5,20,6,0.3235294117647059,0.35135135135135137,runs/modelnet40_pointgpt_protocol/fewshot/scan_shapenet_mix_nepa_lp_N5_K20_t6
fewshot_lp,shapenet_mix_nepa,5,20,7,0.5576923076923077,0.5841584158415841,runs/modelnet40_pointgpt_protocol/fewshot/scan_shapenet_mix_nepa_lp_N5_K20_t7
fewshot_lp,shapenet_mix_nepa,5,20,8,0.6595238095238095,0.47619047619047616,runs/modelnet40_pointgpt_protocol/fewshot/scan_shapenet_mix_nepa_lp_N5_K20_t8
fewshot_lp,shapenet_mix_nepa,5,20,9,0.3411764705882353,0.4140625,runs/modelnet40_pointgpt_protocol/fewshot/scan_shapenet_mix_nepa_lp_N5_K20_t9
fewshot_lp,shapenet_nepa,10,10,0,0.4153846153846154,0.4786729857819905,runs/modelnet40_pointgpt_protocol/fewshot/scan_shapenet_nepa_lp_N10_K10_t0
fewshot_lp,shapenet_nepa,10,10,1,0.3211538461538462,0.4189189189189189,runs/modelnet40_pointgpt_protocol/fewshot/scan_shapenet_nepa_lp_N10_K10_t1
fewshot_lp,shapenet_nepa,10,10,2,0.4289544235924933,0.40923076923076923,runs/modelnet40_pointgpt_protocol/fewshot/scan_shapenet_nepa_lp_N10_K10_t2
fewshot_lp,shapenet_nepa,10,10,3,0.41346153846153844,0.3770491803278688,runs/modelnet40_pointgpt_protocol/fewshot/scan_shapenet_nepa_lp_N10_K10_t3
fewshot_lp,shapenet_nepa,10,10,4,0.30333333333333334,0.2356020942408377,runs/modelnet40_pointgpt_protocol/fewshot/scan_shapenet_nepa_lp_N10_K10_t4
fewshot_lp,shapenet_nepa,10,10,5,0.5017064846416383,0.5135135135135135,runs/modelnet40_pointgpt_protocol/fewshot/scan_shapenet_nepa_lp_N10_K10_t5
fewshot_lp,shapenet_nepa,10,10,6,0.487987987987988,0.48639455782312924,runs/modelnet40_pointgpt_protocol/fewshot/scan_shapenet_nepa_lp_N10_K10_t6
fewshot_lp,shapenet_nepa,10,10,7,0.4222222222222222,0.396,runs/modelnet40_pointgpt_protocol/fewshot/scan_shapenet_nepa_lp_N10_K10_t7
fewshot_lp,shapenet_nepa,10,10,8,0.32794117647058824,0.3309608540925267,runs/modelnet40_pointgpt_protocol/fewshot/scan_shapenet_nepa_lp_N10_K10_t8
fewshot_lp,shapenet_nepa,10,10,9,0.4691689008042895,0.411522633744856,runs/modelnet40_pointgpt_protocol/fewshot/scan_shapenet_nepa_lp_N10_K10_t9
fewshot_lp,shapenet_nepa,10,20,0,0.3903846153846154,0.47393364928909953,runs/modelnet40_pointgpt_protocol/fewshot/scan_shapenet_nepa_lp_N10_K20_t0
fewshot_lp,shapenet_nepa,10,20,1,0.4423076923076923,0.481981981981982,runs/modelnet40_pointgpt_protocol/fewshot/scan_shapenet_nepa_lp_N10_K20_t1
fewshot_lp,shapenet_nepa,10,20,2,0.6032171581769437,0.5815384615384616,runs/modelnet40_pointgpt_protocol/fewshot/scan_shapenet_nepa_lp_N10_K20_t2
fewshot_lp,shapenet_nepa,10,20,3,0.47884615384615387,0.4644808743169399,runs/modelnet40_pointgpt_protocol/fewshot/scan_shapenet_nepa_lp_N10_K20_t3
fewshot_lp,shapenet_nepa,10,20,4,0.38666666666666666,0.34554973821989526,runs/modelnet40_pointgpt_protocol/fewshot/scan_shapenet_nepa_lp_N10_K20_t4
fewshot_lp,shapenet_nepa,10,20,5,0.6399317406143344,0.6981981981981982,runs/modelnet40_pointgpt_protocol/fewshot/scan_shapenet_nepa_lp_N10_K20_t5
fewshot_lp,shapenet_nepa,10,20,6,0.5675675675675675,0.54421768707483,runs/modelnet40_pointgpt_protocol/fewshot/scan_shapenet_nepa_lp_N10_K20_t6
fewshot_lp,shapenet_nepa,10,20,7,0.5476190476190477,0.56,runs/modelnet40_pointgpt_protocol/fewshot/scan_shapenet_nepa_lp_N10_K20_t7
fewshot_lp,shapenet_nepa,10,20,8,0.5485294117647059,0.5765124555160143,runs/modelnet40_pointgpt_protocol/fewshot/scan_shapenet_nepa_lp_N10_K20_t8
fewshot_lp,shapenet_nepa,10,20,9,0.5455764075067024,0.4732510288065844,runs/modelnet40_pointgpt_protocol/fewshot/scan_shapenet_nepa_lp_N10_K20_t9
fewshot_lp,shapenet_nepa,5,10,0,0.6911764705882353,0.6870748299319728,runs/modelnet40_pointgpt_protocol/fewshot/scan_shapenet_nepa_lp_N5_K10_t0
fewshot_lp,shapenet_nepa,5,10,1,0.23461538461538461,0.3474576271186441,runs/modelnet40_pointgpt_protocol/fewshot/scan_shapenet_nepa_lp_N5_K10_t1
fewshot_lp,shapenet_nepa,5,10,2,0.598159509202454,0.610062893081761,runs/modelnet40_pointgpt_protocol/fewshot/scan_shapenet_nepa_lp_N5_K10_t2
fewshot_lp,shapenet_nepa,5,10,3,0.6230769230769231,0.5178571428571429,runs/modelnet40_pointgpt_protocol/fewshot/scan_shapenet_nepa_lp_N5_K10_t3
fewshot_lp,shapenet_nepa,5,10,4,0.4,0.3706896551724138,runs/modelnet40_pointgpt_protocol/fewshot/scan_shapenet_nepa_lp_N5_K10_t4
fewshot_lp,shapenet_nepa,5,10,5,0.8373983739837398,0.8095238095238095,runs/modelnet40_pointgpt_protocol/fewshot/scan_shapenet_nepa_lp_N5_K10_t5
fewshot_lp,shapenet_nepa,5,10,6,0.4176470588235294,0.46621621621621623,runs/modelnet40_pointgpt_protocol/fewshot/scan_shapenet_nepa_lp_N5_K10_t6
fewshot_lp,shapenet_nepa,5,10,7,0.75,0.6534653465346535,runs/modelnet40_pointgpt_protocol/fewshot/scan_shapenet_nepa_lp_N5_K10_t7
fewshot_lp,shapenet_nepa,5,10,8,0.6142857142857143,0.5892857142857143,runs/modelnet40_pointgpt_protocol/fewshot/scan_shapenet_nepa_lp_N5_K10_t8
fewshot_lp,shapenet_nepa,5,10,9,0.7264705882352941,0.734375,runs/modelnet40_pointgpt_protocol/fewshot/scan_shapenet_nepa_lp_N5_K10_t9
fewshot_lp,shapenet_nepa,5,20,0,0.6941176470588235,0.6802721088435374,runs/modelnet40_pointgpt_protocol/fewshot/scan_shapenet_nepa_lp_N5_K20_t0
fewshot_lp,shapenet_nepa,5,20,1,0.23846153846153847,0.3644067796610169,runs/modelnet40_pointgpt_protocol/fewshot/scan_shapenet_nepa_lp_N5_K20_t1
fewshot_lp,shapenet_nepa,5,20,2,0.6196319018404908,0.5786163522012578,runs/modelnet40_pointgpt_protocol/fewshot/scan_shapenet_nepa_lp_N5_K20_t2
fewshot_lp,shapenet_nepa,5,20,3,0.6346153846153846,0.5982142857142857,runs/modelnet40_pointgpt_protocol/fewshot/scan_shapenet_nepa_lp_N5_K20_t3
fewshot_lp,shapenet_nepa,5,20,4,0.42058823529411765,0.3879310344827586,runs/modelnet40_pointgpt_protocol/fewshot/scan_shapenet_nepa_lp_N5_K20_t4
fewshot_lp,shapenet_nepa,5,20,5,0.7845528455284553,0.7904761904761904,runs/modelnet40_pointgpt_protocol/fewshot/scan_shapenet_nepa_lp_N5_K20_t5
fewshot_lp,shapenet_nepa,5,20,6,0.5176470588235295,0.6351351351351351,runs/modelnet40_pointgpt_protocol/fewshot/scan_shapenet_nepa_lp_N5_K20_t6
fewshot_lp,shapenet_nepa,5,20,7,0.7846153846153846,0.6831683168316832,runs/modelnet40_pointgpt_protocol/fewshot/scan_shapenet_nepa_lp_N5_K20_t7
fewshot_lp,shapenet_nepa,5,20,8,0.6333333333333333,0.5833333333333334,runs/modelnet40_pointgpt_protocol/fewshot/scan_shapenet_nepa_lp_N5_K20_t8
fewshot_lp,shapenet_nepa,5,20,9,0.7029411764705882,0.703125,runs/modelnet40_pointgpt_protocol/fewshot/scan_shapenet_nepa_lp_N5_K20_t9
